year_month,交易笔数,购买件数,活跃用户,年月
2012-07,406,643,406,2012-07-01
2012-08,486,781,486,2012-08-01
2012-09,637,1353,637,2012-09-01
2012-10,624,1072,624,2012-10-01
2012-11,767,2083,767,2012-11-01
2012-12,674,991,674,2012-12-01
2013-01,629,1372,629,2013-01-01
2013-02,318,1177,318,2013-02-01
2013-03,738,1094,737,2013-03-01
2013-04,769,1506,769,2013-04-01
2013-05,985,1864,985,2013-05-01
2013-06,679,1232,679,2013-06-01
2013-07,678,2662,678,2013-07-01
2013-08,745,1364,745,2013-08-01
2013-09,967,1956,967,2013-09-01
2013-10,986,1590,986,2013-10-01
2013-11,1153,2538,1153,2013-11-01
2013-12,1106,4458,1106,2013-12-01
2014-01,763,1109,763,2014-01-01
2014-02,702,1458,702,2014-02-01
2014-03,1240,2359,1240,2014-03-01
2014-04,1243,2204,1243,2014-04-01
2014-05,1452,3669,1452,2014-05-01
2014-06,1088,1785,1088,2014-06-01
2014-07,1062,2461,1062,2014-07-01
2014-08,1206,3139,1206,2014-08-01
2014-09,1404,5185,1403,2014-09-01
2014-10,1472,3320,1471,2014-10-01
2014-11,1833,13044,1833,2014-11-01
2014-12,1559,2508,1559,2014-12-01
2015-01,1341,3752,1340,2015-01-01
2015-02,259,521,259,2015-02-01
