品类,交易笔数,购买件数,商品数,笔数占比(%),件数占比(%),单笔平均件数
50018831,718,12657,672,2.4,16.6,17.63
50011993,864,3609,785,2.88,4.73,4.18
50012788,126,2969,123,0.42,3.89,23.56
50007016,8,2759,8,0.03,3.62,344.88
50013636,2066,2279,1999,6.89,2.99,1.1
50003700,407,2145,403,1.36,2.81,5.27
211122,502,2058,493,1.67,2.7,4.1
50006602,924,1868,883,3.08,2.45,2.02
50002524,143,1843,140,0.48,2.42,12.89
50010558,1341,1718,1305,4.47,2.25,1.28
250822,75,1290,75,0.25,1.69,17.2
50013207,1148,1284,1097,3.83,1.68,1.12
50016006,40,1007,37,0.13,1.32,25.18
50019308,15,840,14,0.05,1.1,56.0
50005953,24,837,24,0.08,1.1,34.88
50012451,739,825,709,2.47,1.08,1.12
50013187,139,777,121,0.46,1.02,5.59
50023663,73,750,70,0.24,0.98,10.27
50016010,80,645,74,0.27,0.85,8.06
50024439,22,639,21,0.07,0.84,29.05
