品类编码,购买件数,累计件数,累计占比(%),排名
50018831,12657,12657,16.6,1
50011993,3609,16266,21.33,2
50012788,2969,19235,25.23,3
50007016,2759,21994,28.84,4
50013636,2279,24273,31.83,5
50003700,2145,26418,34.65,6
211122,2058,28476,37.35,7
50006602,1868,30344,39.8,8
50002524,1843,32187,42.21,9
50010558,1718,33905,44.47,10
250822,1290,35195,46.16,11
50013207,1284,36479,47.84,12
50016006,1007,37486,49.16,13
50019308,840,38326,50.26,14
50005953,837,39163,51.36,15
50012451,825,39988,52.44,16
50013187,777,40765,53.46,17
50023663,750,41515,54.45,18
50016010,645,42160,55.29,19
50024439,639,42799,56.13,20
50006520,610,43409,56.93,21
50012359,593,44002,57.71,22
50010555,548,44550,58.43,23
50016037,529,45079,59.12,24
50006235,529,45608,59.81,25
50010566,497,46105,60.47,26
50023591,487,46592,61.1,27
50013711,477,47069,61.73,28
50008807,472,47541,62.35,29
50012564,469,48010,62.96,30
50007011,445,48455,63.55,31
50010557,436,48891,64.12,32
50010549,434,49325,64.69,33
251725,423,49748,65.24,34
50023670,412,50160,65.78,35
50012365,400,50560,66.31,36
203320,398,50958,66.83,37
50012474,359,51317,67.3,38
50012442,347,51664,67.76,39
50010544,338,52002,68.2,40
50023790,330,52332,68.63,41
121394024,322,52654,69.05,42
50011882,319,52973,69.47,43
50000820,309,53282,69.88,44
50006843,300,53582,70.27,45
50024842,282,53864,70.64,46
50012364,282,54146,71.01,47
50017100,268,54414,71.36,48
121364022,268,54682,71.71,49
50010536,267,54949,72.06,50
