排名,user_id,auction_id,cat1_name,buy_mount,日期,占全部件数比重(%),累计占比(%)
1,2288344467,39769942518,童装/童鞋,10000,2014-11-13,13.11,13.11
2,117730165,20409520643,尿裤/湿巾,2800,2013-12-20,3.67,16.78
3,173701616,36505037679,奶粉/辅食,2748,2014-09-20,3.6,20.38
4,1945590674,3920805463,尿裤/湿巾,1500,2015-01-12,1.97,22.35
5,32141414,9716351898,尿裤/湿巾,1000,2013-07-01,1.31,23.66
6,119395773,21753712913,尿裤/湿巾,700,2014-10-21,0.92,24.58
7,300205516,8728039815,尿裤/湿巾,600,2013-02-22,0.79,25.37
8,300857121,38276597770,尿裤/湿巾,600,2014-07-02,0.79,26.16
9,462029374,7398446291,尿裤/湿巾,500,2012-11-19,0.66,26.82
10,1671630112,41020683325,尿裤/湿巾,498,2014-10-07,0.65,27.47
